0;90;145;174;land;x
1;90;145;174;land;x
2;90;157;174;land;x
3;90;189;174;land;x
4;90;116;174;land;x
5;57;139;236;land;x
6;57;101;236;land;x
7;57;74;236;land;x
8;57;114;236;land;x
9;57;121;236;land;x
10;57;144;236;land;x
11;57;160;236;land;x
12;57;184;236;land;x
13;57;208;236;land;x
14;57;231;236;land;x
15;22;62;246;land;x
16;22;87;246;land;x
17;22;113;246;land;x
18;22;140;246;land;x
19;22;169;246;land;x
20;2;72;32;land;x
21;131;82;79;land;x
22;1;176;200;land;x
23;25;202;202;land;x
24;62;137;250;land;x
25;15;222;252;land;x
26;21;76;126;land;x
27;56;31;95;land;x
28;44;131;246;land;x
29;27;222;252;land;x
30;218;26;95;land;x
31;170;31;196;land;x
32;21;90;200;land;x
33;86;141;95;land;x
34;65;7;40;land;x
35;92;45;145;land;x
36;255;233;49;land;x
37;248;248;95;land;x
38;212;215;46;land;x
39;17;202;202;land;x
40;203;70;173;land;x
41;18;202;252;land;x
42;149;122;145;land;x
43;82;90;150;land;x
44;107;31;145;land;x
45;1;48;32;land;x
46;24;252;252;land;x
47;176;181;246;land;x
48;221;144;246;land;x
49;152;122;79;land;x
50;61;176;175;land;x
51;156;170;74;land;x
52;25;128;32;land;x
53;32;90;225;land;x
54;31;100;225;land;x
55;24;120;32;land;x
56;16;252;252;land;x
57;19;48;32;land;x
58;197;197;46;land;x
59;209;219;145;land;x
60;111;61;95;land;x
61;24;124;126;land;x
62;149;78;173;land;x
63;149;74;79;land;x
64;71;194;95;land;x
65;152;118;173;land;x
66;147;50;79;land;x
67;62;45;145;land;x
68;134;31;145;land;x
69;22;84;126;land;x
70;50;131;46;land;x
71;2;137;250;land;x
72;5;202;46;land;x
73;75;4;40;land;x
74;22;92;126;land;x
75;23;222;252;land;x
76;19;44;126;land;x
77;101;125;63;land;x
78;21;80;32;land;x
79;24;116;126;land;x
80;22;96;32;land;x
81;22;80;200;land;x
82;18;40;32;land;x
83;236;51;246;land;x
84;5;202;202;land;x
85;10;202;252;land;x
86;99;148;192;land;x
87;94;52;48;land;x
88;150;90;79;land;x
89;215;2;196;land;x
90;200;10;1;land;x
91;107;180;224;land;x
92;23;31;196;land;x
93;101;170;63;land;x
94;146;34;79;land;x
95;201;201;89;land;x
96;228;154;64;land;x
97;100;32;255;land;x
98;151;98;79;land;x
99;23;104;32;land;x
100;228;158;192;land;x
101;165;50;79;land;x
102;25;31;246;land;x
103;8;121;196;land;x
104;151;106;79;land;x
105;12;252;252;land;x
106;89;66;107;land;x
107;22;202;252;land;x
108;42;100;150;land;x
109;148;243;182;land;x
110;152;1;46;land;x
111;99;144;64;land;x
112;23;108;126;land;x
113;8;252;252;land;x
114;1;70;150;land;x
115;24;112;32;land;x
116;173;199;95;land;x
117;26;144;32;land;x
118;227;138;192;land;x
119;250;141;196;land;x
120;13;202;202;land;x
121;207;118;173;land;x
122;91;188;224;land;x
123;208;134;173;land;x
124;23;100;126;land;x
125;150;94;173;land;x
126;150;86;173;land;x
127;185;197;39;land;x
128;73;0;57;land;x
129;89;162;208;land;x
130;237;231;46;land;x
131;99;140;255;land;x
132;129;54;173;land;x
133;29;202;202;land;x
134;148;197;227;land;x
135;97;120;255;land;x
136;97;116;128;land;x
137;191;123;246;land;x
138;250;15;100;land;x
139;0;1;23;land;x
140;202;176;250;land;x
141;179;106;79;land;x
142;200;19;117;land;x
143;6;202;252;land;x
144;240;15;200;land;x
145;46;174;176;land;x
146;149;82;79;land;x
147;224;105;71;land;x
148;227;164;55;land;x
149;41;150;61;land;x
150;227;146;128;land;x
151;210;164;53;land;x
152;68;1;196;land;x
153;183;132;255;land;x
154;222;162;158;land;x
155;194;214;145;land;x
156;225;80;159;land;x
157;7;222;252;land;x
158;220;15;150;land;x
159;205;94;173;land;x
160;81;48;64;land;x
161;210;15;100;land;x
162;22;202;238;land;x
163;180;15;150;land;x
164;11;222;252;land;x
165;18;32;32;land;x
166;171;64;58;land;x
167;93;188;84;land;x
168;44;123;42;land;x
169;98;124;64;land;x
170;228;58;255;land;x
171;44;52;201;land;x
172;207;15;175;land;x
173;151;102;173;land;x
174;150;42;42;land;x
175;25;136;32;land;x
176;217;173;199;land;x
177;32;114;111;land;x
178;21;202;202;land;x
179;25;132;126;land;x
180;52;110;175;land;x
181;190;53;53;land;x
182;12;0;240;land;x
183;110;1;46;land;x
184;131;100;35;land;x
185;154;142;173;land;x
186;149;70;173;land;x
187;220;158;209;land;x
188;215;191;212;land;x
189;117;192;171;land;x
190;217;90;204;land;x
191;206;106;79;land;x
192;65;46;176;land;x
193;164;211;156;land;x
194;47;236;32;land;x
195;223;90;255;land;x
196;219;217;76;land;x
197;44;97;35;land;x
198;238;254;148;land;x
199;0;40;32;land;x
200;208;138;79;land;x
201;95;92;0;land;x
202;84;80;128;land;x
203;225;122;0;land;x
204;115;210;143;land;x
205;67;84;112;land;x
206;88;144;64;land;x
207;30;41;0;land;x
208;20;68;126;land;x
209;175;58;79;land;x
210;227;142;0;land;x
211;225;118;192;land;x
212;195;31;196;land;x
213;79;116;126;land;x
214;205;98;79;land;x
215;138;58;45;land;x
216;86;118;240;land;x
217;219;94;40;land;x
218;104;88;128;land;x
219;199;223;102;land;x
220;105;162;80;land;x
221;98;132;0;land;x
222;223;82;0;land;x
223;120;115;207;land;x
224;206;217;77;land;x
225;209;139;185;land;x
226;195;44;140;land;x
227;213;60;93;land;x
228;220;32;204;land;x
229;158;62;62;land;x
230;47;52;126;land;x
231;223;86;128;land;x
232;146;81;81;land;x
233;122;48;97;land;x
234;81;148;126;land;x
235;154;146;79;land;x
236;136;40;113;land;x
237;65;52;224;land;x
238;4;252;252;land;x
239;0;0;191;land;x
240;205;90;79;land;x
241;1;202;202;land;x
242;122;174;240;land;x
243;55;40;32;land;x
244;233;98;128;land;x
245;232;90;192;land;x
246;145;81;35;land;x
247;118;126;72;land;x
248;175;54;173;land;x
249;119;120;192;land;x
250;191;117;46;land;x
251;217;164;164;land;x
252;136;210;148;land;x
253;134;53;105;land;x
254;254;103;217;land;x
255;131;101;246;land;x
256;101;224;33;land;x
257;54;255;34;land;x
258;228;34;0;land;x
259;108;61;52;land;x
260;100;36;64;land;x
261;188;200;56;land;x
262;242;14;150;land;x
263;4;143;255;land;x
264;202;54;173;land;x
265;231;184;20;land;x
266;153;134;173;land;x
267;32;252;252;land;x
268;225;114;64;land;x
269;44;45;128;land;x
270;103;76;64;land;x
271;104;92;255;land;x
272;239;192;146;land;x
273;137;75;113;land;x
274;174;133;74;land;x
275;229;46;64;land;x
276;126;201;251;land;x
277;122;140;89;land;x
278;162;64;128;land;x
279;229;38;128;land;x
280;33;202;202;land;x
281;140;15;150;land;x
282;48;97;59;land;x
283;46;174;78;land;x
284;80;32;128;land;x
285;103;68;128;land;x
286;227;196;94;land;x
287;111;244;160;land;x
288;102;64;0;land;x
289;185;227;40;land;x
290;96;96;128;land;x
291;229;139;97;land;x
292;48;148;218;land;x
293;129;51;84;land;x
294;162;71;29;land;x
295;54;156;126;land;x
296;104;84;0;land;x
297;230;58;128;land;x
298;58;147;124;land;x
299;100;102;176;land;x
300;224;102;0;land;x
301;230;62;255;land;x
302;137;170;36;land;x
303;223;0;196;land;x
304;116;166;116;land;x
305;182;158;173;land;x
306;110;220;160;land;x
307;207;122;79;land;x
308;167;174;136;land;x
309;118;130;80;land;x
310;178;255;12;land;x
311;183;38;173;land;x
312;121;152;64;land;x
313;57;112;35;land;x
314;94;76;128;land;x
315;240;131;236;land;x
316;246;142;22;land;x
317;95;84;64;land;x
318;218;196;123;land;x
319;79;254;112;land;x
320;217;220;84;land;x
321;255;102;79;land;x
322;93;107;37;land;x
323;38;83;21;land;x
324;163;187;193;land;x
325;232;86;64;land;x
326;109;0;181;land;x
327;46;44;126;land;x
328;255;216;0;land;x
329;3;38;13;land;x
330;174;38;173;land;x
331;200;129;211;land;x
332;204;178;255;land;x
333;147;120;31;land;x
334;106;164;96;land;x
335;125;201;201;land;x
336;40;163;11;land;x
337;174;246;173;land;x
338;105;156;224;land;x
339;35;148;126;land;x
340;210;158;173;land;x
341;47;174;78;land;x
342;64;44;160;land;x
343;119;138;144;land;x
344;50;81;144;land;x
345;185;135;224;land;x
346;40;133;82;land;x
347;194;93;131;land;x
348;60;240;76;land;x
349;169;74;32;land;x
350;83;119;196;land;x
351;174;42;79;land;x
352;43;137;200;land;x
353;218;177;152;land;x
354;112;32;64;land;x
355;102;52;255;land;x
356;225;191;200;land;x
357;52;80;119;land;x
358;156;144;105;land;x
359;187;94;173;land;x
360;183;34;79;land;x
361;104;158;240;land;x
362;222;78;192;land;x
363;179;110;173;land;x
364;200;153;158;land;x
365;139;53;205;land;x
366;79;160;47;land;x
367;15;223;253;land;x
368;110;44;255;land;x
369;175;50;79;land;x
370;172;146;79;land;x
371;94;80;255;land;x
372;46;40;32;land;x
373;148;133;60;land;x
374;144;31;145;land;x
375;244;97;32;land;x
376;64;32;64;land;x
377;87;31;145;land;x
378;96;108;192;land;x
379;46;48;32;land;x
380;29;161;216;land;x
381;128;42;79;land;x
382;208;113;137;land;x
383;166;58;79;land;x
384;30;76;126;land;x
385;65;34;80;land;x
386;147;155;192;land;x
387;44;72;166;land;x
388;45;156;126;land;x
389;30;80;32;land;x
390;38;247;32;land;x
391;40;71;135;land;x
392;86;103;0;land;x
393;67;70;192;land;x
394;153;126;173;land;x
395;38;52;126;land;x
396;239;204;149;land;x
397;83;222;252;land;x
398;243;5;255;land;x
399;45;32;32;land;x
400;160;133;84;land;x
401;22;100;123;land;x
402;74;143;77;land;x
403;160;89;186;land;x
404;134;44;124;land;x
405;37;133;180;land;x
406;173;158;173;land;x
407;200;135;109;land;x
408;26;82;0;land;x
409;41;202;202;land;x
410;45;248;255;land;x
411;172;142;173;land;x
412;200;79;235;land;x
413;232;82;255;land;x
414;0;44;126;land;x
415;85;202;202;land;x
416;180;126;173;land;x
417;40;252;252;land;x
418;160;127;186;land;x
419;51;116;126;land;x
420;76;84;126;land;x
421;103;255;45;land;x
422;155;64;94;land;x
423;153;130;79;land;x
424;9;45;197;land;x
425;45;197;9;land;x
426;42;116;126;land;x
427;124;251;251;land;x
428;137;76;72;land;x
429;44;148;126;land;x
430;240;161;86;land;x
431;42;112;32;land;x
432;53;140;126;land;x
433;80;117;83;land;x
434;215;80;147;land;x
435;120;143;209;land;x
436;140;34;49;land;x
437;26;152;32;land;x
438;46;36;126;land;x
439;124;56;0;land;x
440;1;56;32;land;x
441;142;185;186;land;x
442;201;42;79;land;x
443;26;148;126;land;x
444;210;80;11;land;x
445;38;234;130;land;x
446;200;141;182;land;x
447;3;69;175;land;x
448;39;68;126;land;x
449;45;152;32;land;x
450;16;91;52;land;x
451;170;110;173;land;x
452;202;135;109;land;x
453;239;18;145;land;x
454;42;108;126;land;x
455;27;156;126;land;x
456;209;150;64;land;x
457;170;118;173;land;x
458;40;115;232;land;x
459;28;40;32;land;x
460;123;221;251;land;x
461;26;140;126;land;x
462;167;66;79;land;x
463;54;32;32;land;x
464;135;45;9;land;x
465;136;85;174;land;x
466;113;131;196;land;x
467;88;140;91;land;x
468;36;232;32;land;x
469;44;179;51;land;x
470;177;86;173;land;x
471;67;0;240;land;x
472;73;93;221;land;x
473;197;9;45;land;x
474;44;144;32;land;x
475;169;106;79;land;x
476;43;132;126;land;x
477;80;136;32;land;x
478;11;51;95;land;x
479;253;255;158;land;x
480;50;92;126;land;x
481;44;140;126;land;x
482;155;158;173;land;x
483;36;36;126;land;x
484;74;15;246;land;x
485;169;98;79;land;x
486;235;159;33;land;x
487;58;188;32;land;x
488;0;231;245;land;x
489;120;87;161;land;x
490;167;70;173;land;x
491;176;74;79;land;x
492;240;81;86;land;x
493;80;141;184;land;x
494;219;191;83;land;x
495;55;67;139;land;x
496;170;83;124;land;x
497;9;63;12;land;x
498;27;32;32;land;x
499;186;139;0;land;x
500;164;234;53;land;x
501;177;90;79;land;x
502;156;42;79;land;x
503;127;0;0;land;x
504;169;102;173;land;x
505;153;138;79;land;x
506;32;82;163;land;x
507;36;156;126;land;x
508;74;56;32;land;x
509;246;92;62;land;x
510;152;83;186;land;x
511;97;115;229;land;x
512;170;114;79;land;x
513;105;100;192;land;x
514;174;141;221;land;x
515;155;154;79;land;x
516;36;152;32;land;x
517;178;94;173;land;x
518;64;51;255;land;x
519;171;130;79;land;x
520;118;178;134;land;x
521;32;64;145;land;x
522;41;96;32;land;x
523;240;125;232;land;x
524;238;111;151;land;x
525;37;240;32;land;x
526;164;154;79;land;x
527;206;152;45;land;x
528;43;128;32;land;x
529;81;152;32;land;x
530;200;31;196;land;x
531;49;84;126;land;x
532;74;53;198;land;x
533;38;164;32;land;x
534;2;202;252;land;x
535;102;179;145;land;x
536;80;132;126;land;x
537;155;38;173;land;x
538;34;65;11;land;x
539;240;74;255;land;x
540;94;72;0;land;x
541;45;107;40;land;x
542;84;252;252;land;x
543;80;211;231;land;x
544;97;44;96;land;x
545;233;216;92;land;x
546;95;122;46;land;x
547;209;142;128;land;x
548;161;131;246;land;x
549;129;8;240;land;x
550;183;255;142;land;x
551;40;127;183;land;x
552;80;129;208;land;x
553;200;147;85;land;x
554;81;144;32;land;x
555;123;0;185;land;x
556;245;49;255;land;x
557;227;54;54;land;x
558;69;31;246;land;x
559;236;220;116;land;x
560;88;112;64;land;x
561;221;66;128;land;x
562;38;104;109;land;x
563;24;116;29;land;x
564;120;131;233;land;x
565;87;100;0;land;x
566;179;39;82;land;x
567;67;223;253;land;x
568;147;42;79;land;x
569;41;100;126;land;x
570;207;150;214;land;x
571;155;34;79;land;x
572;94;68;192;land;x
573;198;47;101;land;x
574;219;174;92;land;x
575;194;170;163;land;x
576;130;8;240;land;x
577;236;57;116;land;x
578;66;202;252;land;x
579;68;253;253;land;x
580;86;173;255;land;x
581;0;88;65;land;x
582;65;202;202;land;x
583;79;0;114;land;x
584;131;123;246;land;x
585;89;138;43;land;x
586;27;36;126;land;x
587;179;219;145;land;x
588;155;5;120;land;x
589;169;94;173;land;x
590;160;145;234;land;x
591;150;104;225;land;x
592;163;207;58;land;x
593;198;135;109;land;x
594;168;86;173;land;x
595;78;104;32;land;x
596;158;114;95;land;x
597;177;78;173;land;x
598;61;102;20;land;x
599;122;201;251;land;x
600;80;73;160;land;x
601;40;80;32;land;x
602;53;204;105;land;x
603;120;125;161;land;x
604;93;64;64;land;x
605;120;2;232;land;x
606;194;89;105;land;x
607;137;28;46;land;x
608;178;98;79;land;x
609;120;75;185;land;x
610;163;70;58;land;x
611;206;101;70;land;x
612;200;111;182;land;x
613;214;94;128;land;x
614;24;58;154;land;x
615;84;56;192;land;x
616;148;62;173;land;x
617;86;100;255;land;x
618;168;90;79;land;x
619;140;131;196;land;x
620;55;1;80;land;x
621;41;104;32;land;x
622;215;106;192;land;x
623;197;255;53;land;x
624;20;60;126;land;x
625;240;119;86;land;x
626;40;88;32;land;x
627;40;92;126;land;x
628;193;131;23;land;x
629;124;131;246;land;x
630;240;113;207;land;x
631;240;69;110;land;x
632;105;219;142;land;x
633;146;38;173;land;x
634;95;200;200;land;x
635;83;44;128;land;x
636;123;184;128;land;x
637;113;201;201;land;x
638;255;101;63;land;x
639;203;41;95;land;x
640;148;58;79;land;x
641;48;250;250;land;x
642;53;131;196;land;x
643;151;190;194;land;x
644;176;123;255;land;x
645;0;32;60;land;x
646;181;142;173;land;x
647;40;84;126;land;x
648;68;252;252;land;x
649;26;216;116;land;x
650;200;91;211;land;x
651;167;78;173;land;x
652;167;66;99;land;x
653;80;136;255;land;x
654;255;75;66;land;x
655;116;3;95;land;x
656;255;117;154;land;x
657;104;196;152;land;x
658;168;82;79;land;x
659;32;124;32;land;x
660;35;221;46;land;x
661;2;131;145;land;x
662;0;189;9;land;x
663;171;122;79;land;x
664;219;168;88;land;x
665;248;245;172;land;x
666;255;71;180;land;x
667;153;31;95;land;x
668;61;145;123;land;x
669;219;157;116;land;x
670;75;68;0;land;x
671;20;56;32;land;x
672;210;243;194;land;x
673;89;35;145;land;x
674;0;36;126;land;x
675;160;115;210;land;x
676;63;0;244;land;x
677;136;124;77;land;x
678;55;220;250;land;x
679;42;120;32;land;x
680;65;219;88;land;x
681;54;148;126;land;x
682;97;209;85;land;x
683;80;135;107;land;x
684;0;27;200;land;x
685;20;64;32;land;x
686;77;132;145;land;x
687;26;19;255;land;x
688;22;236;239;land;x
689;174;31;98;land;x
690;115;221;251;land;x
691;91;222;252;land;x
692;160;139;157;land;x
693;86;55;145;land;x
694;119;221;251;land;x
695;209;146;255;land;x
696;146;66;126;land;x
697;204;78;173;land;x
698;181;146;79;land;x
699;33;116;126;land;x
700;79;116;255;land;x
701;134;0;229;land;x
702;84;237;87;land;x
703;19;52;126;land;x
704;222;79;239;land;x
705;255;120;0;land;x
706;88;201;147;land;x
707;221;58;192;land;x
708;147;54;173;land;x
709;230;31;196;land;x
710;197;110;128;land;x
711;64;252;252;land;x
712;139;11;145;land;x
713;234;189;93;land;x
714;200;100;121;land;x
715;60;143;34;land;x
716;201;70;30;land;x
717;143;28;164;land;x
718;56;0;82;land;x
719;195;123;121;land;x
720;242;255;46;land;x
721;118;110;21;land;x
722;51;70;175;land;x
723;255;186;0;land;x
724;59;92;255;land;x
725;14;255;203;land;x
726;55;14;120;land;x
727;76;1;95;land;x
728;193;207;44;land;x
729;199;138;64;land;x
730;207;122;128;land;x
731;125;191;66;land;x
732;118;201;251;land;x
733;53;255;77;land;x
734;111;33;184;land;x
735;201;70;150;land;x
736;165;42;79;land;x
737;124;37;78;land;x
738;198;118;64;land;x
739;13;31;196;land;x
740;227;170;169;land;x
741;76;76;255;land;x
742;93;56;128;land;x
743;210;227;0;land;x
744;15;124;126;land;x
745;73;18;169;land;x
746;210;0;86;land;x
747;103;21;196;land;x
748;196;98;64;land;x
749;81;81;192;land;x
750;81;152;128;land;x
751;198;87;134;land;x
752;76;84;192;land;x
753;197;225;191;land;x
754;31;0;127;land;x
755;58;76;126;land;x
756;49;200;200;land;x
757;32;140;221;land;x
758;61;124;0;land;x
759;170;202;126;land;x
760;16;245;155;land;x
761;198;126;0;land;x
762;225;205;36;land;x
763;204;78;0;land;x
764;194;210;199;land;x
765;128;181;95;land;x
766;231;58;53;land;x
767;255;20;120;land;x
768;243;202;12;land;x
769;71;140;128;land;x
770;198;122;192;land;x
771;135;77;125;land;x
772;40;0;80;land;x
773;204;82;128;land;x
774;193;162;69;land;x
775;54;200;250;land;x
776;95;229;237;land;x
777;199;134;255;land;x
778;60;112;255;land;x
779;169;171;101;land;x
780;81;144;192;land;x
781;36;125;131;land;x
782;145;150;173;land;x
783;54;193;106;land;x
784;26;88;92;land;x
785;70;120;128;land;x
786;186;239;22;land;x
787;102;0;165;land;x
788;50;71;157;land;x
789;115;141;46;land;x
790;191;220;33;land;x
791;208;71;200;land;x
792;70;128;64;land;x
793;213;74;79;land;x
794;178;3;95;land;x
795;49;84;64;land;x
796;132;140;221;land;x
797;72;144;255;land;x
798;46;200;250;land;x
799;61;128;128;land;x
800;130;111;51;land;x
801;52;169;90;land;x
802;133;65;23;land;x
803;16;132;126;land;x
804;38;44;0;land;x
805;59;96;64;land;x
806;154;153;27;land;x
807;96;229;237;land;x
808;173;82;127;land;x
809;88;224;142;land;x
810;210;38;255;land;x
811;73;32;32;land;x
812;201;34;192;land;x
813;6;15;95;land;x
814;70;116;0;land;x
815;161;110;173;land;x
816;148;136;138;land;x
817;200;150;128;land;x
818;155;155;198;land;x
819;145;142;173;land;x
820;139;196;111;land;x
821;102;77;89;land;x
822;63;222;252;land;x
823;135;83;198;land;x
824;212;178;42;land;x
825;199;130;128;land;x
826;7;69;250;land;x
827;186;179;78;land;x
828;33;48;2;land;x
829;217;58;31;land;x
830;72;28;79;land;x
831;255;225;120;land;x
832;143;126;173;land;x
833;187;98;128;land;x
834;193;215;62;land;x
835;95;101;222;land;x
836;200;146;0;land;x
837;0;73;230;land;x
838;190;72;96;land;x
839;0;194;255;land;x
840;0;6;149;land;x
841;15;120;32;land;x
842;162;183;79;land;x
843;222;94;94;land;x
844;76;80;64;land;x
845;34;42;215;land;x
846;83;131;220;land;x
847;255;192;227;land;x
848;168;151;95;land;x
849;137;255;104;land;x
850;77;88;32;land;x
851;144;130;79;land;x
852;71;132;192;land;x
853;219;108;9;land;x
854;73;32;128;land;x
855;0;9;58;land;x
856;60;116;64;land;x
857;189;118;128;land;x
858;198;117;154;land;x
859;71;148;48;land;x
860;210;158;0;land;x
861;220;44;196;land;x
862;53;215;217;land;x
863;170;185;212;land;x
864;69;112;192;land;x
865;166;137;175;land;x
866;151;175;205;land;x
867;193;76;178;land;x
868;200;154;255;land;x
869;143;34;255;land;x
870;63;119;196;land;x
871;203;137;175;land;x
872;159;90;79;land;x
873;18;36;126;land;x
874;152;110;225;land;x
875;209;206;232;land;x
876;255;19;90;land;x
877;215;203;71;land;x
878;184;119;42;land;x
879;74;52;128;land;x
880;45;200;200;land;x
881;198;135;133;land;x
882;44;113;137;land;x
883;73;158;166;land;x
884;127;36;255;land;x
885;52;160;146;land;x
886;201;133;87;land;x
887;11;64;32;land;x
888;196;0;223;land;x
889;255;17;120;land;x
890;152;137;59;land;x
891;77;92;128;land;x
892;121;210;41;land;x
893;166;31;246;land;x
894;82;102;0;land;x
895;146;158;173;land;x
896;123;14;250;land;x
897;230;18;160;land;x
898;72;156;0;land;x
899;17;144;32;land;x
900;80;140;64;land;x
901;141;255;107;land;x
902;178;189;107;land;x
903;187;205;22;land;x
904;202;54;192;land;x
905;102;110;200;land;x
906;255;125;200;land;x
907;63;93;131;land;x
908;217;203;71;land;x
909;110;157;103;land;x
910;82;237;87;land;x
911;205;119;117;land;x
912;152;160;243;land;x
913;240;31;196;land;x
914;47;122;167;land;x
915;17;138;94;land;x
916;197;114;255;land;x
917;47;220;250;land;x
918;206;176;200;land;x
919;83;203;86;land;x
920;206;72;139;land;x
921;60;70;0;land;x
922;11;68;126;land;x
923;51;130;63;land;x
924;83;52;64;land;x
925;77;88;0;land;x
926;184;70;8;land;x
927;68;100;128;land;x
928;52;124;64;land;x
929;49;88;192;land;x
930;236;112;20;land;x
931;38;227;36;land;x
932;211;50;0;land;x
933;145;107;154;land;x
934;227;16;124;land;x
935;189;130;192;land;x
936;160;102;173;land;x
937;4;138;139;land;x
938;61;31;95;land;x
939;18;156;126;land;x
940;197;102;192;land;x
941;84;60;0;land;x
942;62;132;255;land;x
943;215;110;0;land;x
944;75;190;64;land;x
945;175;215;67;land;x
946;122;232;145;land;x
947;242;102;96;land;x
948;219;203;71;land;x
949;213;157;165;land;x
950;203;58;0;land;x
951;174;140;171;land;x
952;211;54;128;land;x
953;76;72;128;land;x
954;11;80;175;land;x
955;186;82;255;land;x
956;39;72;32;land;x
957;108;206;240;land;x
958;165;171;101;land;x
959;69;108;64;land;x
960;52;128;192;land;x
961;134;235;115;land;x
962;64;0;248;land;x
963;187;165;22;land;x
964;131;34;79;land;x
965;32;104;32;land;x
966;87;140;0;land;x
967;189;122;255;land;x
968;255;163;137;land;x
969;75;64;192;land;x
970;244;221;131;land;x
971;108;31;196;land;x
972;187;215;128;land;x
973;209;146;79;land;x
974;61;16;160;land;x
975;105;104;0;land;x
976;171;31;246;land;x
977;62;136;64;land;x
978;106;172;160;land;x
979;139;124;98;land;x
980;172;80;175;land;x
981;112;70;225;land;x
982;34;78;0;land;x
983;145;54;67;land;x
984;90;235;85;land;x
985;75;60;64;land;x
986;145;154;79;land;x
987;161;80;150;land;x
988;45;131;46;land;x
989;187;94;0;land;x
990;87;108;255;land;x
991;255;89;185;land;x
992;103;0;44;land;x
993;33;120;32;land;x
994;187;222;46;land;x
995;53;200;200;land;x
996;81;148;103;land;x
997;10;52;126;land;x
998;93;202;202;land;x
999;34;74;126;land;x
1000;205;94;192;land;x
1001;198;203;170;land;x
1002;23;0;125;land;x
1003;149;0;149;land;x
1004;81;81;255;land;x
1005;199;232;145;land;x
1006;37;44;126;land;x
1007;176;122;149;land;x
1008;81;81;221;land;x
1009;255;92;71;land;x
1010;213;242;165;land;x
1011;250;19;41;land;x
1012;7;183;221;land;x
1013;214;86;192;land;x
1014;72;209;160;land;x
1015;57;68;126;land;x
1016;42;176;150;land;x
1017;237;31;46;land;x
1018;132;98;79;land;x
1019;122;0;122;land;x
1020;148;144;46;land;x
1021;169;212;66;land;x
1022;206;106;255;land;x
1023;189;126;64;land;x
1024;219;38;192;land;x
1025;70;202;252;land;x
1026;30;0;244;land;x
1027;10;44;126;land;x
1028;42;200;250;land;x
1029;88;198;79;land;x
1030;117;239;166;land;x
1031;91;36;128;land;x
1032;128;34;79;land;x
1033;87;104;128;land;x
1034;228;249;251;land;x
1035;209;14;225;land;x
1036;136;232;0;land;x
1037;216;31;246;land;x
1038;58;84;0;land;x
1039;58;76;64;land;x
1040;41;164;76;land;x
1041;205;86;82;land;x
1042;8;156;126;land;x
1043;100;0;76;land;x
1044;41;200;200;land;x
1045;215;102;64;land;x
1046;92;148;0;land;x
1047;142;100;200;land;x
1048;87;141;35;land;x
1049;221;212;104;land;x
1050;221;80;175;land;x
1051;10;56;32;land;x
1052;58;88;180;land;x
1053;9;36;126;land;x
1054;10;121;46;land;x
1055;49;11;71;land;x
1056;71;64;128;land;x
1057;154;52;179;land;x
1058;237;99;81;land;x
1059;132;90;175;land;x
1060;224;12;72;land;x
1061;201;167;29;land;x
1062;182;244;187;land;x
1063;32;38;255;land;x
1064;4;235;103;land;x
1065;89;128;255;land;x
1066;119;128;17;land;x
1067;240;69;225;land;x
1068;6;116;126;land;x
1069;83;48;255;land;x
1070;205;86;255;land;x
1071;223;0;149;land;x
1072;37;164;140;land;x
1073;11;60;126;land;x
1074;7;140;126;land;x
1075;148;0;181;land;x
1076;132;76;108;land;x
1077;141;167;109;land;x
1078;241;207;129;land;x
1079;201;34;79;land;x
1080;139;62;173;land;x
1081;241;69;225;land;x
1082;1;0;145;land;x
1083;91;32;0;land;x
1084;137;60;168;land;x
1085;100;156;128;land;x
1086;97;198;71;land;x
1087;211;42;64;land;x
1088;215;50;155;land;x
1089;138;50;79;land;x
1090;212;62;64;land;x
1091;207;79;128;land;x
1092;14;100;126;land;x
1093;82;31;145;land;x
1094;115;0;214;land;x
1095;84;68;255;land;x
1096;192;201;46;land;x
1097;222;110;150;land;x
1098;132;41;144;land;x
1099;73;71;64;land;x
1100;139;70;173;land;x
1101;181;227;89;land;x
1102;3;222;252;land;x
1103;31;64;95;land;x
1104;8;152;32;land;x
1105;132;11;182;land;x
1106;92;175;36;land;x
1107;105;6;160;land;x
1108;7;132;126;land;x
1109;148;41;14;land;x
1110;29;38;119;land;x
1111;193;124;50;land;x
1112;171;90;175;land;x
1113;160;221;196;land;x
1114;17;131;145;land;x
1115;130;85;130;land;x
1116;216;49;158;land;x
1117;90;140;0;land;x
1118;100;252;252;land;x
1119;88;120;0;land;x
1120;188;110;192;land;x
1121;28;251;251;land;x
1122;112;120;148;land;x
1123;139;66;79;land;x
1124;60;140;0;land;x
1125;44;214;56;land;x
1126;1;52;126;land;x
1127;137;42;79;land;x
1128;70;198;70;land;x
1129;210;42;42;land;x
1130;88;124;128;land;x
1131;69;14;250;land;x
1132;188;106;64;land;x
1133;255;23;23;land;x
1134;79;254;101;land;x
1135;137;158;173;land;x
1136;151;70;225;land;x
1137;255;224;200;land;x
1138;217;126;192;land;x
1139;235;152;196;land;x
1140;226;41;246;land;x
1141;186;86;173;land;x
1142;8;14;175;land;x
1143;205;227;166;land;x
1144;150;40;142;land;x
1145;245;142;192;land;x
1146;150;146;184;land;x
1147;58;200;250;land;x
1148;91;156;192;land;x
1149;175;65;144;land;x
1150;216;122;64;land;x
1151;220;42;0;land;x
1152;0;69;84;land;x
1153;241;101;246;land;x
1154;122;80;150;land;x
1155;48;55;127;land;x
1156;213;74;128;land;x
1157;218;142;64;land;x
1158;34;122;246;land;x
1159;62;200;250;land;x
1160;255;107;28;land;x
1161;213;70;0;land;x
1162;135;130;79;land;x
1163;61;200;200;land;x
1164;52;183;145;land;x
1165;131;198;119;land;x
1166;173;34;64;land;x
1167;219;158;255;land;x
1168;118;148;64;land;x
1169;90;144;128;land;x
1170;33;198;152;land;x
1171;131;134;173;land;x
1172;16;140;126;land;x
1173;136;32;11;land;x
1174;220;46;128;land;x
1175;21;117;104;land;x
1176;231;90;200;land;x
1177;132;94;173;land;x
1178;232;184;55;land;x
1179;158;68;193;land;x
1180;85;72;64;land;x
1181;216;67;201;land;x
1182;162;70;150;land;x
1183;64;119;246;land;x
1184;14;112;32;land;x
1185;217;130;0;land;x
1186;255;223;0;land;x
1187;255;19;40;land;x
1188;135;98;114;land;x
1189;92;44;64;land;x
1190;121;161;95;land;x
1191;234;86;86;land;x
1192;255;61;138;land;x
1193;163;69;150;land;x
1194;131;100;175;land;x
1195;3;128;32;land;x
1196;214;113;131;land;x
1197;255;125;215;land;x
1198;247;131;46;land;x
1199;255;126;40;land;x
1200;49;150;248;land;x
1201;68;69;200;land;x
1202;55;130;71;land;x
1203;104;16;91;land;x
1204;221;62;0;land;x
1205;76;252;252;land;x
1206;43;220;250;land;x
1207;68;250;250;land;x
1208;57;172;32;land;x
1209;45;70;200;land;x
1210;92;59;239;land;x
1211;60;108;128;land;x
1212;89;132;64;land;x
1213;165;116;117;land;x
1214;52;250;250;land;x
1215;60;214;57;land;x
1216;143;114;79;land;x
1217;100;3;46;land;x
1218;167;69;225;land;x
1219;211;42;79;land;x
1220;212;203;165;land;x
1221;148;48;116;land;x
1222;4;100;126;land;x
1223;124;60;86;land;x
1224;66;75;120;land;x
1225;7;131;145;land;x
1226;6;128;32;land;x
1227;134;126;173;land;x
1228;214;231;145;land;x
1229;63;220;250;land;x
1230;66;60;128;land;x
1231;118;176;123;land;x
1232;31;196;124;land;x
1233;237;46;40;land;x
1234;51;255;40;land;x
1235;255;25;0;land;x
1236;241;100;225;land;x
1237;141;90;79;land;x
1238;46;48;192;land;x
1239;216;118;255;land;x
1240;255;22;200;land;x
1241;172;191;46;land;x
1242;4;96;32;land;x
1243;13;88;32;land;x
1244;213;197;16;land;x
1245;153;169;173;land;x
1246;71;222;252;land;x
1247;99;222;252;land;x
1248;187;102;255;land;x
1249;169;94;128;land;x
1250;60;250;250;land;x
1251;216;114;128;land;x
1252;77;202;202;land;x
1253;41;15;95;land;x
1254;16;19;95;land;x
1255;78;19;109;land;x
1256;14;104;32;land;x
1257;205;1;196;land;x
1258;226;231;102;land;x
1259;174;42;0;land;x
1260;246;154;255;land;x
1261;255;18;160;land;x
1262;245;152;169;land;x
1263;54;152;0;land;x
1264;192;80;175;land;x
1265;131;86;173;land;x
1266;141;94;173;land;x
1267;16;119;24;land;x
1268;133;102;173;land;x
1269;247;176;150;land;x
1270;105;195;57;land;x
1271;237;108;140;land;x
1272;255;24;40;land;x
1273;182;150;255;land;x
1274;133;110;173;land;x
1275;45;152;64;land;x
1276;127;20;145;land;x
1277;67;220;250;land;x
1278;59;220;250;land;x
1279;208;224;161;land;x
1280;175;54;64;land;x
1281;85;69;200;land;x
1282;209;150;173;land;x
1283;0;175;210;land;x
1284;12;72;32;land;x
1285;46;231;95;land;x
1286;69;104;255;land;x
1287;169;176;200;land;x
1288;9;40;32;land;x
1289;118;156;0;land;x
1290;157;36;128;land;x
1291;244;231;145;land;x
1292;154;216;222;land;x
1293;134;122;79;land;x
1294;193;139;95;land;x
1295;85;91;46;land;x
1296;211;31;246;land;x
1297;192;101;46;land;x
1298;44;69;250;land;x
1299;47;52;0;land;x
1300;173;154;128;land;x
1301;0;58;22;land;x
1302;153;230;204;land;x
1303;52;120;255;land;x
1304;148;161;95;land;x
1305;70;124;255;land;x
1306;6;124;126;land;x
1307;22;32;145;land;x
1308;9;32;32;land;x
1309;241;15;15;land;x
1310;144;134;0;land;x
1311;0;153;75;land;x
1312;4;14;225;land;x
1313;118;152;192;land;x
1314;239;225;69;land;x
1315;84;137;150;land;x
1316;187;186;222;land;x
1317;168;90;0;land;x
1318;182;25;40;land;x
1319;135;142;173;land;x
1320;5;104;32;land;x
1321;68;88;32;land;x
1322;124;176;175;land;x
1323;89;153;66;land;x
1324;0;193;20;land;x
1325;133;106;79;land;x
1326;5;108;126;land;x
1327;12;80;32;land;x
1328;73;200;200;land;x
1329;59;100;192;land;x
1330;151;161;246;land;x
1331;127;14;200;land;x
1332;142;106;64;land;x
1333;94;189;108;land;x
1334;159;73;73;land;x
1335;40;88;255;land;x
1336;28;92;0;land;x
1337;60;0;129;land;x
1338;140;74;79;land;x
1339;93;0;82;land;x
1340;129;137;175;land;x
1341;105;11;120;land;x
1342;67;137;150;land;x
1343;246;158;64;land;x
1344;228;43;43;land;x
1345;255;14;59;land;x
1346;25;13;70;land;x
1347;211;54;173;land;x
1348;205;14;150;land;x
1349;48;167;51;land;x
1350;210;38;173;land;x
1351;9;176;225;land;x
1352;130;130;196;land;x
1353;91;125;222;land;x
1354;74;227;77;land;x
1355;47;56;128;land;x
1356;105;201;201;land;x
1357;54;148;192;land;x
1358;182;154;64;land;x
1359;66;64;255;land;x
1360;12;76;126;land;x
1361;167;37;46;land;x
1362;140;82;79;land;x
1363;46;44;64;land;x
1364;173;158;255;land;x
1365;255;230;147;land;x
1366;46;40;255;land;x
1367;0;155;175;land;x
1368;38;193;0;land;x
1369;23;128;70;land;x
1370;0;117;51;land;x
1371;134;177;141;land;x
1372;182;158;192;land;x
1373;12;84;126;land;x
1374;242;69;200;land;x
1375;119;154;246;land;x
1376;197;106;0;land;x
1377;69;133;239;land;x
1378;55;246;23;land;x
1379;135;16;244;land;x
1380;172;142;64;land;x
1381;160;106;0;land;x
1382;121;69;225;land;x
1383;97;12;145;land;x
1384;118;131;196;land;x
1385;44;140;0;land;x
1386;181;181;52;land;x
1387;181;146;128;land;x
1388;4;92;126;land;x
1389;155;12;160;land;x
1390;65;200;200;land;x
1391;32;96;255;land;x
1392;13;92;126;land;x
1393;91;196;33;land;x
1394;188;114;0;land;x
1395;232;70;175;land;x
1396;74;200;250;land;x
1397;207;114;79;land;x
1398;117;109;201;land;x
1399;255;200;150;land;x
1400;185;66;79;land;x
1401;55;131;46;land;x
1402;178;102;0;land;x
1403;174;46;128;land;x
1404;145;154;0;land;x
1405;231;78;10;land;x
1406;209;68;153;land;x
1407;99;32;200;land;x
1408;51;172;108;land;x
1409;169;0;110;land;x
1410;179;118;192;land;x
1411;140;78;173;land;x
1412;56;250;250;land;x
1413;181;201;246;land;x
1414;72;250;250;land;x
1415;242;90;38;land;x
1416;255;193;247;land;x
1417;108;0;244;land;x
1418;121;90;150;land;x
1419;75;220;250;land;x
1420;132;98;192;land;x
1421;185;74;0;land;x
1422;238;244;95;land;x
1423;196;31;246;land;x
1424;183;26;10;land;x
1425;146;158;128;land;x
1426;4;51;246;land;x
1427;70;161;46;land;x
1428;67;201;145;land;x
1429;70;200;250;land;x
1430;162;186;147;land;x
1431;160;98;0;land;x
1432;119;21;154;land;x
1433;14;130;246;land;x
1434;91;2;95;land;x
1435;198;122;79;land;x
1436;223;132;95;land;x
1437;243;138;80;land;x
1438;167;163;54;land;x
1439;172;68;159;land;x
1440;149;201;61;land;x
1441;63;128;27;land;x
1442;255;75;220;land;x
1443;32;108;0;land;x
1444;135;134;173;land;x
1445;112;164;145;land;x
1446;242;80;200;land;x
1447;182;22;144;land;x
1448;243;1;69;land;x
1449;121;225;101;land;x
1450;29;60;64;land;x
1451;95;222;252;land;x
1452;245;95;255;land;x
1453;36;156;255;land;x
1454;67;80;32;land;x
1455;99;77;195;land;x
1456;179;110;255;land;x
1457;150;128;236;land;x
1458;145;64;232;land;x
1459;245;31;196;land;x
1460;19;44;255;land;x
1461;169;102;64;land;x
1462;62;48;146;land;x
1463;0;63;140;land;x
1464;8;88;0;land;x
1465;81;109;203;land;x
1466;118;241;78;land;x
1467;37;6;145;land;x
1468;164;12;145;land;x
1469;154;243;145;land;x
1470;3;84;126;land;x
1471;71;220;250;land;x
1472;50;100;255;land;x
1473;28;171;196;land;x
1474;92;251;251;land;x
1475;227;135;53;land;x
1476;39;31;246;land;x
1477;163;183;82;land;x
1478;245;244;179;land;x
1479;32;31;94;land;x
1480;16;128;128;land;x
1481;175;58;192;land;x
1482;76;76;126;land;x
1483;101;70;200;land;x
1484;89;225;36;land;x
1485;132;90;79;land;x
1486;70;124;126;land;x
1487;135;130;255;land;x
1488;160;106;255;land;x
1489;121;21;154;land;x
1490;86;92;128;land;x
1491;84;56;32;land;x
1492;165;46;192;land;x
1493;77;22;255;land;x
1494;81;144;95;land;x
1495;217;131;46;land;x
1496;142;31;46;land;x
1497;61;202;202;land;x
1498;81;100;150;land;x
1499;165;50;0;land;x
1500;239;69;139;land;x
1501;79;131;246;land;x
1502;95;221;251;land;x
1503;17;144;0;land;x
1504;179;204;153;land;x
1505;212;58;79;land;x
1506;147;42;192;land;x
1507;146;111;28;land;x
1508;224;40;15;land;x
1509;18;40;128;land;x
1510;37;208;93;land;x
1511;85;232;161;land;x
1512;70;120;32;land;x
1513;164;158;0;land;x
1514;158;168;213;land;x
1515;57;164;32;land;x
1516;91;110;175;land;x
1517;147;46;0;land;x
1518;146;38;64;land;x
1519;186;81;38;land;x
1520;206;231;202;land;x
1521;58;1;196;land;x
1522;111;80;225;land;x
1523;205;114;79;land;x
1524;220;54;163;land;x
1525;176;178;68;land;x
1526;77;251;233;land;x
1527;122;143;170;land;x
1528;232;5;5;land;x
1529;176;70;255;land;x
1530;51;112;0;land;x
1531;14;108;126;land;x
1532;71;90;225;land;x
1533;231;176;70;land;x
1534;17;152;255;land;x
1535;178;98;192;land;x
1536;56;0;64;land;x
1537;163;165;183;land;x
1538;18;32;192;land;x
1539;41;100;0;land;x
1540;88;163;215;land;x
1541;122;105;0;land;x
1542;184;31;145;land;x
1543;75;169;217;land;x
1544;203;185;45;land;x
1545;198;126;173;land;x
1546;8;152;0;land;x
1547;195;83;191;land;x
1548;2;190;120;land;x
1549;190;143;135;land;x
1550;145;151;212;land;x
1551;197;114;79;land;x
1552;21;76;0;land;x
1553;234;227;107;land;x
1554;38;52;64;land;x
1555;7;136;128;land;x
1556;155;55;22;land;x
1557;91;178;26;land;x
1558;136;154;64;land;x
1559;50;217;66;land;x
1560;135;142;79;land;x
1561;185;62;173;land;x
1562;25;224;138;land;x
1563;82;32;32;land;x
1564;213;232;183;land;x
1565;163;191;95;land;x
1566;161;110;64;land;x
1567;20;56;0;land;x
1568;214;94;173;land;x
1569;48;72;0;land;x
1570;125;0;150;land;x
1571;142;102;173;land;x
1572;184;42;69;land;x
1573;202;43;139;land;x
1574;212;114;79;land;x
1575;44;148;255;land;x
1576;15;161;198;land;x
1577;56;160;69;land;x
1578;168;196;4;land;x
1579;33;112;128;land;x
1580;56;252;126;land;x
1581;79;120;32;land;x
1582;150;94;255;land;x
1583;170;79;248;land;x
1584;147;54;255;land;x
1585;165;31;196;land;x
1586;20;0;111;land;x
1587;184;65;29;land;x
1588;119;162;166;land;x
1589;107;221;251;land;x
1590;30;80;64;land;x
1591;215;110;173;land;x
1592;42;120;0;land;x
1593;48;193;191;land;x
1594;158;74;192;land;x
1595;91;221;251;land;x
1596;164;34;128;land;x
1597;205;23;23;land;x
1598;43;46;167;land;x
1599;32;104;192;land;x
1600;0;97;27;land;x
1601;212;227;131;land;x
1602;94;201;251;land;x
1603;37;208;234;land;x
1604;151;98;64;land;x
1605;166;50;94;land;x
1606;3;190;120;land;x
1607;48;68;192;land;x
1608;79;181;81;land;x
1609;31;88;0;land;x
1610;60;161;46;land;x
1611;35;63;199;land;x
1612;200;147;231;land;x
1613;232;11;11;land;x
1614;136;150;255;land;x
1615;134;198;192;land;x
1616;73;146;227;land;x
1617;157;62;128;land;x
1618;217;244;86;land;x
1619;81;63;217;land;x
1620;22;92;192;land;x
1621;165;38;255;land;x
1622;159;94;192;land;x
1623;42;112;64;land;x
1624;142;201;142;land;x
1625;152;90;7;land;x
1626;56;60;126;land;x
1627;63;134;173;land;x
1628;52;253;37;land;x
1629;136;146;128;land;x
1630;216;236;203;land;x
1631;166;54;128;land;x
1632;159;86;255;land;x
1633;55;36;126;land;x
1634;19;52;192;land;x
1635;68;8;179;land;x
1636;177;229;130;land;x
1637;225;223;25;land;x
1638;56;48;32;land;x
1639;181;150;96;land;x
1640;254;145;124;land;x
1641;30;76;255;land;x
1642;46;39;195;land;x
1643;240;89;1;land;x
1644;9;36;64;land;x
1645;196;98;79;land;x
1646;74;217;74;land;x
1647;151;186;110;land;x
1648;16;136;64;land;x
1649;40;84;128;land;x
1650;216;183;153;land;x
1651;89;70;120;land;x
1652;32;251;212;land;x
1653;78;112;32;land;x
1654;68;230;179;land;x
1655;231;174;70;land;x
1656;255;133;59;land;x
1657;205;163;151;land;x
1658;209;246;4;land;x
1659;158;70;64;land;x
1660;30;68;0;land;x
1661;189;174;66;land;x
1662;196;90;128;land;x
1663;160;160;88;land;x
1664;138;136;91;land;x
1665;145;146;64;land;x
1666;179;106;128;land;x
1667;137;38;128;land;x
1668;40;80;0;land;x
1669;33;112;32;land;x
1670;120;0;100;land;x
1671;102;56;64;land;x
1672;208;202;39;land;x
1673;29;59;159;land;x
1674;57;202;53;land;x
1675;155;154;255;land;x
1676;99;204;234;land;x
1677;17;148;128;land;x
1678;107;121;191;land;x
1679;33;178;172;land;x
1680;154;150;128;land;x
1681;155;170;197;land;x
1682;48;231;108;land;x
1683;213;70;173;land;x
1684;178;31;114;land;x
1685;32;108;126;land;x
1686;61;201;123;land;x
1687;183;246;173;land;x
1688;9;40;192;land;x
1689;87;221;251;land;x
1690;85;76;126;land;x
1691;243;21;172;land;x
1692;130;85;172;land;x
1693;67;84;126;land;x
1694;151;78;142;land;x
1695;176;66;128;land;x
1696;215;140;255;land;x
1697;23;108;64;land;x
1698;13;92;255;land;x
1699;251;0;36;land;x
1700;231;224;22;land;x
1701;150;90;128;land;x
1702;88;112;32;land;x
1703;215;30;112;land;x
1704;136;148;128;land;x
1705;114;56;64;land;x
1706;141;220;172;land;x
1707;210;11;196;land;x
1708;166;144;32;land;x
1709;16;132;255;land;x
1710;144;222;92;land;x
1711;50;104;64;land;x
1712;48;244;64;land;x
1713;171;126;192;land;x
1714;108;251;251;land;x
1715;137;34;0;land;x
1716;212;66;79;land;x
1717;248;231;136;land;x
1718;29;64;32;land;x
1719;70;0;232;land;x
1720;69;104;32;land;x
1721;243;42;7;land;x
1722;174;173;70;land;x
1723;69;186;122;land;x
1724;85;72;32;land;x
1725;84;60;126;land;x
1726;60;44;114;land;x
1727;14;108;128;land;x
1728;11;64;0;land;x
1729;159;90;64;land;x
1730;23;100;128;land;x
1731;11;159;77;land;x
1732;84;68;126;land;x
1733;50;0;232;land;x
1734;171;122;64;land;x
1735;26;144;255;land;x
1736;176;74;64;land;x
1737;201;151;89;land;x
1738;151;106;0;land;x
1739;115;0;175;land;x
1740;200;146;79;land;x
1741;12;84;0;land;x
1742;196;198;53;land;x
1743;126;90;0;land;x
1744;138;54;0;land;x
1745;154;142;192;land;x
1746;194;209;173;land;x
1747;41;96;192;land;x
1748;255;213;0;land;x
1749;72;148;126;land;x
1750;192;98;255;land;x
1751;239;33;241;land;x
1752;21;1;95;land;x
1753;147;222;218;land;x
1754;15;120;192;land;x
1755;30;72;128;land;x
1756;144;130;192;land;x
1757;225;223;23;land;x
1758;123;51;196;land;x
1759;197;106;79;land;x
1760;140;82;255;land;x
1761;143;118;128;land;x
1762;32;100;64;land;x
1763;178;94;64;land;x
1764;90;201;251;land;x
1765;255;253;196;land;x
1766;28;248;0;land;x
1767;43;124;128;land;x
1768;214;90;79;land;x
1769;0;112;103;land;x
1770;24;124;255;land;x
1771;140;78;128;land;x
1772;10;52;255;land;x
1773;88;251;251;land;x
1774;41;231;108;land;x
1775;21;200;200;land;x
1776;28;40;64;land;x
1777;49;92;0;land;x
1778;153;102;93;land;x
1779;86;201;251;land;x
1780;0;138;222;land;x
1781;104;225;255;land;x
1782;156;42;128;land;x
1783;156;50;64;land;x
1784;22;120;77;land;x
1785;38;56;192;land;x
1786;15;241;244;land;x
1787;200;150;173;land;x
1788;195;118;123;land;x
1789;249;249;145;land;x
1790;139;150;128;land;x
1791;188;67;67;land;x
1792;186;131;246;land;x
1793;42;12;145;land;x
1794;163;189;18;land;x
1795;27;36;255;land;x
1796;194;70;173;land;x
1797;73;0;244;land;x
1798;135;97;96;land;x
1799;92;252;252;land;x
1800;25;132;192;land;x
1801;37;186;249;land;x
1802;105;225;255;land;x
1803;177;90;255;land;x
1804;214;140;255;land;x
1805;173;66;32;land;x
1806;12;72;255;land;x
1807;214;177;98;land;x
1808;86;88;32;land;x
1809;24;112;192;land;x
1810;161;116;28;land;x
1811;222;203;239;land;x
1812;139;58;128;land;x
1813;105;24;165;land;x
1814;153;88;207;land;x
1815;66;72;192;land;x
1816;28;52;128;land;x
1817;125;215;143;land;x
1818;162;130;79;land;x
1819;255;223;172;land;x
1820;26;148;64;land;x
1821;50;92;0;land;x
1822;68;92;126;land;x
1823;191;128;171;land;x
1824;25;136;0;land;x
1825;50;96;128;land;x
1826;171;13;54;land;x
1827;228;231;95;land;x
1828;11;60;192;land;x
1829;81;202;202;land;x
1830;23;220;250;land;x
1831;195;207;97;land;x
1832;0;73;208;land;x
1833;151;110;128;land;x
1834;227;104;55;land;x
1835;255;150;0;land;x
1836;89;201;201;land;x
1837;139;66;64;land;x
1838;86;92;126;land;x
1839;189;221;145;land;x
1840;29;56;32;land;x
1841;6;134;126;land;x
1842;195;74;255;land;x
1843;206;210;106;land;x
1844;147;151;46;land;x
1845;72;130;79;land;x
1846;137;150;128;land;x
1847;119;212;150;land;x
1848;69;155;0;land;x
1849;222;17;17;land;x
1850;189;150;192;land;x
1851;34;228;32;land;x
1852;231;61;8;land;x
1853;20;250;250;land;x
1854;24;120;128;land;x
1855;155;158;64;land;x
1856;154;146;0;land;x
1857;111;221;251;land;x
1858;153;130;128;land;x
1859;183;191;72;land;x
1860;152;114;255;land;x
1861;28;52;126;land;x
1862;157;54;173;land;x
1863;231;15;246;land;x
1864;68;88;64;land;x
1865;234;156;30;land;x
1866;190;142;255;land;x
1867;194;66;0;land;x
1868;67;76;0;land;x
1869;80;252;252;land;x
1870;162;134;173;land;x
1871;227;148;148;land;x
1872;126;1;95;land;x
1873;162;226;173;land;x
1874;173;104;32;land;x
1875;152;122;192;land;x
1876;29;254;126;land;x
1877;152;118;64;land;x
1878;102;225;255;land;x
1879;157;58;79;land;x
1880;24;116;0;land;x
1881;193;46;0;land;x
1882;30;243;32;land;x
1883;177;82;0;land;x
1884;153;126;0;land;x
1885;177;86;128;land;x
1886;157;66;79;land;x
1887;20;200;200;land;x
1888;108;130;155;land;x
1889;157;124;213;land;x
1890;53;164;53;land;x
1891;191;107;198;land;x
1892;28;44;192;land;x
1893;22;200;250;land;x
1894;191;150;192;land;x
1895;161;118;0;land;x
1896;158;70;173;land;x
1897;145;49;49;land;x
1898;39;222;252;land;x
1899;33;116;255;land;x
1900;154;175;58;land;x
1901;252;31;46;land;x
1902;30;200;250;land;x
1903;52;36;48;land;x
1904;199;134;173;land;x
1905;196;128;0;land;x
1906;155;153;90;land;x
1907;208;37;117;land;x
1908;212;62;173;land;x
1909;116;252;252;land;x
1910;146;207;152;land;x
1911;89;104;0;land;x
1912;62;140;192;land;x
1913;33;120;64;land;x
1914;156;46;173;land;x
1915;253;215;143;land;x
1916;82;0;236;land;x
1917;13;96;64;land;x
1918;0;102;185;land;x
1919;222;47;96;land;x
1920;217;126;173;land;x
1921;220;189;139;land;x
1922;13;88;128;land;x
1923;161;114;192;land;x
1924;109;201;201;land;x
1925;166;203;93;land;x
1926;28;48;32;land;x
1927;34;124;192;land;x
1928;14;100;192;land;x
1929;245;120;6;land;x
1930;213;194;38;land;x
1931;14;104;0;land;x
1932;7;140;255;land;x
1933;162;126;255;land;x
1934;207;42;19;land;x
1935;158;78;173;land;x
1936;33;200;200;land;x
1937;103;132;224;land;x
1938;207;126;173;land;x
1939;213;78;173;land;x
1940;98;179;208;land;x
1941;237;134;253;land;x
1942;24;57;119;land;x
1943;158;174;79;land;x
1944;162;130;64;land;x
1945;211;50;79;land;x
1946;34;136;255;land;x
1947;42;231;108;land;x
1948;6;120;255;land;x
1949;213;239;212;land;x
1950;39;68;255;land;x
1951;163;138;0;land;x
1952;115;143;176;land;x
1953;135;142;0;land;x
1954;133;106;128;land;x
1955;160;66;61;land;x
1956;229;133;39;land;x
1957;35;140;64;land;x
1958;137;120;101;land;x
1959;31;84;126;land;x
1960;31;220;250;land;x
1961;163;142;128;land;x
1962;77;0;240;land;x
1963;221;244;212;land;x
1964;181;160;75;land;x
1965;130;60;50;land;x
1966;159;82;79;land;x
1967;203;127;53;land;x
1968;38;202;252;land;x
1969;110;201;251;land;x
1970;0;133;75;land;x
1971;52;0;240;land;x
1972;34;132;128;land;x
1973;220;22;22;land;x
1974;203;124;124;land;x
1975;83;52;126;land;x
1976;239;33;81;land;x
1977;237;158;128;land;x
1978;34;25;232;land;x
1979;134;118;192;land;x
1980;53;140;255;land;x
1981;140;74;0;land;x
1982;43;222;252;land;x
1983;5;112;0;land;x
1984;133;110;255;land;x
1985;35;144;192;land;x
1986;5;108;192;land;x
1987;160;91;132;land;x
1988;163;146;255;land;x
1989;42;202;252;land;x
1990;181;39;199;land;x
1991;207;182;116;land;x
1992;80;140;126;land;x
1993;36;252;252;land;x
1994;212;118;56;land;x
1995;186;74;52;land;x
1996;35;148;0;land;x
1997;32;250;250;land;x
1998;65;0;250;land;x
1999;38;60;0;land;x
2000;181;138;192;land;x
2001;166;62;64;land;x
2002;185;241;202;land;x
2003;180;212;180;land;x
2004;180;130;255;land;x
2005;164;154;192;land;x
2006;55;0;0;land;x
2007;163;150;64;land;x
2008;53;136;128;land;x
2009;171;8;15;land;x
2010;207;145;145;land;x
2011;181;38;38;land;x
2012;52;132;0;land;x
2013;203;66;79;land;x
2014;181;134;64;land;x
2015;166;62;173;land;x
2016;95;0;232;land;x
2017;34;202;252;land;x
2018;38;60;126;land;x
2019;3;80;255;land;x
2020;35;222;252;land;x
2021;236;203;22;land;x
2022;0;36;128;land;x
2023;181;142;0;land;x
2024;53;144;64;land;x
2025;0;96;117;land;x
2026;0;160;24;land;x
2027;177;112;53;land;x
2028;110;239;155;land;x
2029;36;152;128;land;x
2030;0;44;64;land;x
2031;206;166;146;land;x
2032;91;132;207;land;x
2033;222;69;44;land;x
2034;131;78;192;land;x
2035;153;239;239;land;x
2036;186;134;239;land;x
2037;131;86;128;land;x
2038;205;237;101;land;x
2039;3;196;128;land;x
2040;130;66;128;land;x
2041;237;199;231;land;x
2042;234;114;0;land;x
2043;4;96;151;land;x
2044;220;78;202;land;x
2045;0;51;39;land;x
2046;171;206;232;land;x
2047;72;0;240;land;x
2048;0;189;183;land;x
2049;108;253;253;land;x
2050;234;131;191;land;x
2051;109;195;109;land;x
2052;129;97;255;land;x
2053;122;232;146;land;x
2054;106;112;255;land;x
2055;4;88;192;land;x
2056;3;76;128;land;x
2057;225;223;19;land;x
2058;43;106;43;land;x
2059;208;10;168;land;x
2060;199;138;79;land;x
2061;234;148;121;land;x
2062;198;143;143;land;x
2063;71;136;32;land;x
2064;132;90;255;land;x
2065;237;154;79;land;x
2066;99;135;97;land;x
2067;4;96;128;land;x
2068;232;85;100;land;x
2069;2;72;0;land;x
2070;201;191;169;land;x
2071;148;232;39;land;x
2072;232;186;95;land;x
2073;234;138;65;land;x
2074;140;140;0;land;x
2075;145;85;134;land;x
2076;150;213;120;land;x
2077;72;253;253;land;x
2078;0;174;10;land;x
2079;138;232;102;land;x
2080;225;223;21;land;x
2081;130;62;0;land;x
2082;173;150;0;land;x
2083;127;186;98;land;x
2084;130;70;255;land;x
2085;44;184;44;land;x
2086;1;52;0;land;x
2087;180;126;128;land;x
2088;44;152;95;land;x
2089;9;169;133;land;x
2090;229;36;104;land;x
2091;195;229;151;land;x
2092;210;229;43;land;x
2093;3;76;163;land;x
2094;2;60;255;land;x
2095;189;229;123;land;x
2096;172;146;192;land;x
2097;194;235;0;land;x
2098;236;78;0;land;x
2099;1;48;192;land;x
2100;3;84;64;land;x
2101;229;226;128;land;x
2102;234;110;192;land;x
2103;99;223;253;land;x
2104;198;219;57;land;x
2105;129;58;192;land;x
2106;0;24;228;land;x
2107;0;40;255;land;x
2108;71;223;253;land;x
2109;129;54;64;land;x
2110;229;137;174;land;x
2111;86;14;250;land;x
2112;1;56;128;land;x
2113;2;64;64;land;x
2114;196;255;209;land;x
2115;219;142;28;land;x
2116;229;177;149;land;x
2117;128;42;0;land;x
2118;86;203;253;land;x
2119;98;0;244;land;x
2120;80;253;253;land;x
2121;150;213;76;land;x
2122;128;34;64;land;x
2123;131;82;0;land;x
2124;85;203;203;land;x
2125;242;169;179;land;x
2126;169;106;242;land;x
2127;220;144;23;land;x
2128;242;75;167;land;x
2129;242;234;79;land;x
2130;129;50;255;land;x
2131;242;125;242;land;x
2132;0;143;143;land;x
2133;0;60;173;land;x
2134;0;200;210;land;x
2135;0;144;167;land;x
2136;0;34;148;land;x
2137;39;144;44;land;x